# Product Backlog. Tab-separated, one card per row. Read by 03-seed.sh.
# Columns: id | type | sprint | owner | points | priority | epic | title | stories | files | branch | acceptance | notes | blocks
# Multi-value cells (stories, files, acceptance, blocks) use ';' as the separator. '-' means empty.
# 'notes' is free prose shown as the ## Notes section of the issue. 'blocks' non-empty marks the card a blocker.
# Lines starting with # are ignored. Do not use tabs inside a cell.
id	type	sprint	owner	points	priority	epic	title	stories	files	branch	acceptance	notes	blocks
F-01	chore	1	Arman	1	Must	Platform	Move the SPA into frontend/, update Vite config and Docker paths	-	src/ -> frontend/src/;index.html;vite.config.js;package.json;.oxlintrc.json	refactor/f-01-frontend-dir	npm install and npm run build both succeed from inside frontend/;nothing outside frontend/ imports from src/;the dev server still serves every existing route	The SPA sits at the repository root today, which makes it impossible to give the backend and the frontend separate Dockerfiles. Move it wholesale, then fix the Vite root and the paths in package.json. Do this first - P-01 writes its Dockerfiles against the new layout.	P-01
P-06	bug	1	Arman	2	Must	Platform	Runtime unblock: add axios, fix the broken api imports, remove the /api/api/ double prefix, enable CORS	-	frontend/package.json;frontend/src/context/AuthContext.jsx;frontend/src/components/auth/Register.jsx;frontend/src/components/chat/Chat.jsx;backend/core/urls.py;backend/users/urls.py;backend/core/settings.py	fix/p-06-runtime-unblock	A clean npm install in frontend/ succeeds and the app builds;login resolves to /api/auth/login/ with no repeated segment;a browser call from the Vite dev server to the backend is not blocked by CORS;register then log in works end to end in a real browser	Four separate defects stop the app running at all today. (1) axios is imported by services/api.js but is missing from package.json. (2) AuthContext.jsx, Register.jsx and Chat.jsx import '../api' / '../../api', which does not resolve - the file is at src/services/api.js. (3) core/urls.py mounts users.urls under api/ while users/urls.py already declares api/auth/login/, so login actually lives at /api/api/auth/login/ and the client misses it. (4) django-cors-headers is neither installed nor configured. Nothing on the frontend can be wired until all four are fixed.	A-05;F-02;F-03;U-04;U-06;U-07;U-08
P-01	task	1	Arman	5	Must	Platform	Backend and frontend Dockerfiles; docker-compose.yml bringing up db + backend + frontend + nginx; .env.example	-	backend/Dockerfile;frontend/Dockerfile;docker-compose.yml;.env.example	feat/p-01-docker-compose	On a machine with only Docker installed, git clone then cp .env.example .env then docker compose up serves the app on one port with no manual steps;no service needs a host-installed Python or Node	None of this exists yet. This is the card a grader exercises first - the Sprint-level Definition of Done in execution-plan.md Part 4 is a fresh clone brought up with a single command. Depends on F-01 for the frontend path and pairs with P-03 for the database service.	INT-1;INT-2;INT-3
P-03	task	1	Arman	3	Must	Platform	SQLite to PostgreSQL; settings read from env; requirements.txt; generate the missing Message migration	-	backend/core/settings.py;backend/requirements.txt;docker-compose.yml;backend/users/migrations/	feat/p-03-postgres	docker compose up starts Postgres;migrate runs clean on a completely empty database and the messages table exists afterwards;no db.sqlite3 remains tracked;SECRET_KEY and DEBUG come from the environment	settings.py still points at django.db.backends.sqlite3, SECRET_KEY is the hardcoded django-insecure default and DEBUG is True. There is no requirements.txt at all - the implicit deps are django, djangorestframework, djangorestframework-simplejwt, channels, daphne, pillow, plus psycopg[binary] and django-cors-headers. Critically, Message has NO migration: makemigrations was never run after the model was added, so a fresh migrate never creates its table. Postgres is also what US-9.1 needs - full-text search and a GIN index do not exist on SQLite.	M-01;A-09;M-08
P-04	task	1	Arman	5	Must	Platform	Split backend/users/ into the nine modules of architecture.tex section 5	-	backend/accounts/;backend/messaging/;backend/groups_app/;backend/channels_app/;backend/roles/;backend/media_app/;backend/notifications/;backend/realtime/;backend/scheduling/;backend/common/;backend/core/settings.py;backend/core/urls.py	refactor/p-04-split-modules	Every module in execution-plan.md Part 7 exists with its models;migrate --plan on an existing database shows no destructive operation;the seed command still runs;no module outside roles decides a permission for itself	Profile, Group, MediaFile and Message all live in one users app today, and every endpoint is in users/views.py. architecture.tex section 5 states nine modules and brief Rule 12 grades that alignment, so one app containing every domain is a visible contradiction of our own design document. Two naming traps: the app must not be called channels (collides with the Django Channels package) nor groups (collides with django.contrib.auth.Group) - use channels_app and groups_app. Move without losing data: set an explicit db_table on each model matching its current table name and use migrations.SeparateDatabaseAndState, then inspect migrate --plan before running it.	A-02;A-03;A-04;A-06;A-07;A-08;C-01;M-01;N-01;R-01
R-01	story	1	Arman	3	Must	Roles	Role model with the eight permission booleans, plus migration	US-8.1	backend/roles/models.py;backend/roles/migrations/	feat/us-8-1-role-model	A role is a database row, not a code constant;a channel can hold several differently named roles;each role carries all eight booleans;the migration applies clean on an empty database	US-8.1: 'As a channel super-admin, I want to be able to define different roles with different names for users, so that I can structure the management of the channel.' The eight permissions, fixed by user_stories_en.tex section Assumptions, are can_send_media, can_delete_message, can_create_topic, can_edit_channel, can_remove_member, can_add_member, can_change_role, can_delete_channel. Nothing role-shaped exists in the codebase - the only access check anywhere today is group.admin == request.user.	R-02;R-03;R-04;R-05;C-02;C-03;C-04;F-06;A-10
R-04	story	1	Arman	3	Must	Roles	Permission evaluation service has_permission(user, channel, permission), with the channel owner implicitly holding all eight	US-8.3	backend/roles/services.py;backend/common/permissions.py	feat/us-8-3-permission-service	The check reads database rows, not code;reassigning a role takes effect on the very next request with no restart and no deploy;the channel owner is never refused;a user with no role is refused everything privileged	This is the single most important line in architecture.tex: section 5.1 says no module decides permissions for itself. Messaging, Channels, Groups and Media all call in here. It is what makes brief section 5.8 - access levels manageable without editing code - literally true. If you ever find yourself writing 'if user.id == channel.owner_id' outside this module, stop and call in here instead.	C-02;C-03;C-04;R-05;A-10;F-06
INT-1	task	1	Arman	1	Must	Process	Sprint 1 verification: clean-clone run of the Sprint Goal	-	-	-	Clone into an empty directory;cp .env.example .env and docker compose up;run the seed command;register, log in, edit the profile, view another profile, send direct messages both ways, refresh, log out;walk every merged story against its own acceptance criteria	Run before the 18:00 freeze on Aug 8. Anything that cannot be reproduced from a clean clone goes back to In Progress, carries to Sprint 2 and scores zero - however finished it feels on someone's laptop. Record the result in sprint-calendar.md before the Review starts.	-
G-02	chore	1	Amirhossein	2	Must	Process	Projects v2 board: fields, 4-day Sprint iteration starting Aug 5, views, workflows, milestones	-	GitHub Projects	-	The board is public and reachable from the repo Projects tab;Status reads Backlog, Ready, To Do, In Progress, In Review, Done;the Sprint iteration field exists with Sprint 1 and Sprint 2;the Burn-up insight renders;every seeded card carries points, priority, epic and sprint	Brief Rule 10 makes the board mandatory and it is the evidence a grader actually looks at. Most of it is scripted in scripts/gh/ - run 01-repo.sh then 02-project.sh then 03-seed.sh. Four things have no API and must be done in the browser: the Status option ladder, the Sprint iteration field, the built-in workflows and the views. scripts/gh/README.md is the step-by-step.	every card on the board - until this exists there is nowhere to track work
G-01	chore	1	Amirhossein	1	Must	Process	Repository public; issue and pull request templates committed	-	.github/ISSUE_TEMPLATE/user_story.yml;.github/ISSUE_TEMPLATE/task.yml;.github/ISSUE_TEMPLATE/spike.yml;.github/ISSUE_TEMPLATE/bug.yml;.github/pull_request_template.md	chore/g-01-repo-setup	The repository is publicly visible while logged out (brief Rule 9);filing a new issue offers the four templates and no blank option;the PR template carries the Definition of Done checklist	The templates already exist on disk but have never been committed. There is deliberately no branch protection and no required review - main is open and anyone can merge. The pull request and the teammate review stay in the Definition of Done as a team agreement, not as something the platform enforces.	-
P-02	task	1	Amirhossein	2	Must	Platform	nginx reverse proxy: serve the SPA, proxy /api to the backend, pass /ws upgrade headers	-	nginx/nginx.conf;docker-compose.yml	feat/p-02-nginx	The whole product is reachable on a single port;/api reaches Django;a WebSocket handshake on /ws succeeds (Upgrade and Connection headers passed through);uploaded media is served	architecture.tex puts nginx in front of both halves - one origin, so no CORS in production and one URL for a grader. Get the /ws upgrade headers right now even though real-time is a bonus, because retro-fitting them later is where this usually goes wrong.	A-08;F-07;RT-02
C-01	story	1	Amirhossein	2	Must	Channels	Channel and ChannelMember models and migration	US-4.1	backend/channels_app/models.py;backend/channels_app/migrations/	feat/us-4-1-channel-model	A channel has a name, description, image and owner;ChannelMember joins user to channel and carries a role FK;the migration applies clean;the ERD entities in ERD.tex are matched	US-4.1: 'As a user, I want to be able to create a new channel and become its admin, so that I have a space for discussion, message sharing and file sharing with multiple users.' Nothing channel-shaped exists in the codebase at all. Land the models on day 1 or 2 - four other people's cards are waiting on them. The app directory must be channels_app, not channels, or it collides with the Django Channels package.	C-02;C-03;C-04;R-03;F-04;F-05;A-10
A-02	story	1	Majid	2	Must	Accounts	Profile model, migration, serializer, and own-profile view/edit endpoint	US-10.1	backend/accounts/models.py;backend/accounts/serializers.py;backend/accounts/views.py;backend/accounts/urls.py	feat/us-10-1-profile-api	A user can read and update their own profile and nobody else's;the endpoint refuses an unauthenticated caller;the avatar upload path is under MEDIA_ROOT	US-10.1: 'As a user, I want to have a user profile and be able to edit it, so that I can keep my personal information up to date in the system.' Already written as Profile plus ProfileDetailView in users/. This card is to move it into accounts/ behind P-04, confirm it against the acceptance criteria, get it reviewed and merged through a pull request - it is not Done until it passes the full DoD.	-
A-03	story	1	Majid	1	Must	Accounts	Privacy-settings endpoint toggling allow_invites	US-5.4;SH.2	backend/accounts/models.py;backend/accounts/views.py;backend/accounts/urls.py	feat/us-5-4-privacy-api	The flag defaults to allowing invites;toggling it persists;the flag is readable by the group and channel add-member paths	US-5.4: 'As a user, I want to control who can add me to a group (or channel), so that no one can add me to a group without my permission.' SH.2 is the same requirement from the stakeholder conversation. The endpoint already exists as PrivacySettingsView, but note that GroupAddRemoveMemberView never actually checks the flag - the honouring of it is M-05 and C-04, and this card is what those read.	-
A-04	story	1	Majid	2	Must	Accounts	Registration endpoint and JWT login/refresh endpoints	US-1.1;US-1.2	backend/accounts/serializers.py;backend/accounts/views.py;backend/accounts/urls.py	feat/us-1-1-register-login	Registering with an existing username returns 400 with a readable message;passwords are stored hashed - a plain-text password fails the DoD;login returns access and refresh tokens;an expired access token is refreshable	US-1.1 register with username and password; US-1.2 log in with them. Already written with SimpleJWT (1 day / 7 day lifetimes, rotation on). Two things to finish: the route currently resolves to /api/api/auth/login/ (P-06 fixes the mount), and BLACKLIST_AFTER_ROTATION is set in settings while rest_framework_simplejwt.token_blacklist is not in INSTALLED_APPS - so rotation silently does not blacklist. G-04 depends on that being fixed.	-
M-01	story	1	Majid	2	Must	Messaging	Message model and migration: sender, recipient, group, text, media FK, timestamps, ordering	US-2.1	backend/messaging/models.py;backend/messaging/migrations/	feat/us-2-1-message-model	A message targets exactly one of a recipient or a group, never both;messages order chronologically;the migration exists and applies on an empty database	US-2.1: 'As a logged-in user, I want to be able to send and receive messages with other users, so that I can have continuous and personal communication.' The model is written and the dual-target rule is already enforced in MessageSerializer.validate - but there is NO migration for it, so a fresh clone never gets the table. Generating that migration is the actual work here (P-03 covers the makemigrations run; this card owns the model shape being right first). Add the channel/topic target now rather than later - C-03 and US-2.3 need it.	M-02;M-06;M-07;M-08;F-02;F-03;SC-02
M-02	story	1	Majid	2	Must	Messaging	Message list/create/detail API, scoped so a user only sees conversations they belong to	US-2.1;US-2.5	backend/messaging/serializers.py;backend/messaging/views.py;backend/messaging/urls.py	feat/us-2-1-message-api	Requesting a conversation you are not part of returns 403, not an empty list;messages come back in chronological order;the endpoint is paginated	US-2.5: 'As a user, I want to receive and view messages sent by others (in direct messages, groups or channels), so that I can stay up to date with conversations.' MessageListCreateView and MessageDetailView already exist and filter on ?user_id= / ?group_id=. Two gaps to close: with neither parameter the view returns everything the user can see rather than 403-ing on an out-of-scope request, and pagination is not configured.	-
F-00	task	1	Amir	3	Must	Messaging	Shared message primitives - avatar, timestamp, message bubble, composer - used by the DM, group and channel views alike	-	frontend/src/components/chat/primitives/	feat/f-00-chat-primitives	The DM view, the group view and the channel view all render through these components;there is exactly one message bubble implementation in the codebase, not three	Three different chat surfaces are coming - DM (F-03), channel topic (F-05) and group (U-09) - and they are the same UI with a different fetch. Build the primitives once on day 1 so the other three are wiring, not re-implementation. Note that the existing wired components use Tailwind class names while Tailwind is not a dependency and no directives exist in index.css, so those classes currently render unstyled: either add Tailwind or use the semantic classes already in src/index.css.	F-02;F-05;U-09
F-02	story	1	Amir	3	Must	Messaging	Chat view: message list with author and timestamp, plus the composer	US-2.1	frontend/src/components/chat/Chat.jsx	feat/us-2-1-chat-view	Messages render newest-last with author and time;the composer sends and clears;an empty conversation shows an empty state, not a spinner forever	US-2.1 in the UI. Chat.jsx exists and already opens a WebSocket, but it imports '../../api' which does not resolve, and AuthContext never fetches the user so it sends user_id: undefined - which makes the consumer skip persisting the message while still broadcasting it. Rebuild it on the F-00 primitives and read history over REST (M-02); the socket is a Sprint 2 bonus, not this card.	-
U-01	task	1	Ali	2	Must	Platform	React application shell and routing, with authenticated and guest route groups	-	frontend/src/App.jsx;frontend/src/main.jsx	feat/u-01-app-shell	Every screen that exists has a route;an unauthenticated visit to a private route redirects to /login and back after login;a bad URL shows a not-found screen rather than silently redirecting to /profile	The shell is already there with PrivateRoute and AuthProvider, but App.jsx only defines /login, /register, /profile and /chat/:groupId. The dashboard, dms, groups, channels, search, notifications and settings screens all navigate() to routes that do not exist, so the catch-all bounces them to /profile. Defining those routes is the work.	-
U-02	task	1	Ali	1	Must	Platform	Dashboard screen: navigation between DMs, groups and channels	-	frontend/src/components/dashboard/Dashboard.jsx	feat/u-02-dashboard	Every navigation target resolves to a real route;the signed-in user's name is shown;it is reachable as the landing screen after login	Dashboard.jsx exists as a static mockup with local useState and no API calls. Wire the navigation to the real routes from U-01 and show the real user from AuthContext.	-
U-03	task	1	Ali	2	Must	Messaging	Direct-messages screen: conversation list layout	-	frontend/src/components/dms/DirectMessages.jsx	feat/u-03-dm-screen	The conversation list renders from a prop or a hook rather than a hardcoded array;selecting a conversation opens the chat surface;an empty state is handled	DirectMessages.jsx exists as a static English mockup with mock data already stripped out. This card is the layout and selection behaviour; Amir wires it to the message API in F-03 next sprint, so keep the data source in one place so he only has to swap it.	-
B-01	task	1	Arvin	1	Must	Process	Order and partition the seeded Product Backlog: confirm Must / Nice / Won't on every card	-	GitHub Issues	-	Every issue on the board has a Priority;the Nice cards are exactly the two bonus features;every user story in user_stories_en.tex maps to at least one card, and any that does not is recorded as a gap	The backlog is seeded from scripts/gh/backlog.tsv, so this is not data entry - it is the Product Owner taking ownership of the ordering. methodology.md section 7.5 is the partitioning rule: Must is the mandatory product (3 of the 4 marks), Nice is real-time and scheduled messages (the 4th), Won't is parked and visible.	-
B-02	task	1	Arvin	1	Must	Process	Batch the team's open questions and put them to the TA stakeholder	-	-	-	Every open question from the team is asked in one message;the answers are written back onto the affected cards;anything that changes scope becomes a new card rather than an edit to a running sprint	Arvin is the only channel to the TA (execution-plan.md Part 3) so the stakeholder gets one consistent set of questions instead of six. Known open items: the exact delivery zip filename and the group number, and whether channel membership needs an invite flow at all given SH.1 chose direct adding.	-
G-03	task	1	Arvin	1	Must	Process	Run Planning Poker calibration on three sample stories; walk the team through DoR and DoD	-	-	-	All six have estimated at least once;everyone can state the six DoD items from memory;the 3-point reference story is agreed out loud	Four of the six of us have never estimated anything. Do this inside the Aug 6 Planning, not as a separate meeting. The reference is 3 points is roughly one focused day of one person's work; everything else is judged against it.	-
M-03	story	1	Arvin	1	Must	Accounts	Public profile endpoint - view another user's profile	US-10.2	backend/accounts/views.py;backend/accounts/serializers.py;backend/accounts/urls.py	feat/us-10-2-public-profile	Another user's profile returns display fields only - never email, password hash or privacy flags;requesting a non-existent user returns 404	US-10.2: 'As a user, I want to be able to view other users' profiles, so that I can better identify my contacts in the system.' There is no user lookup of any kind in the backend today - ProfileDetailView is self-only. Ali's U-06 screen needs this. Use a separate serializer rather than excluding fields from the existing one; excluding is how private fields leak back in later.	-
G-04	story	1	Arvin	2	Must	Accounts	Logout that actually invalidates: blacklist the refresh token server-side	US-1.3	backend/accounts/views.py;backend/accounts/urls.py;backend/core/settings.py	feat/us-1-3-logout	After logout the old refresh token returns 401;the access token is cleared client-side;logging in again issues a fresh pair	US-1.3: 'As a logged-in user, I want to be able to log out of my account, so that the security of my information is maintained.' There is no logout endpoint at all right now - the client just drops the token from localStorage, which is not logging out. settings.py already sets BLACKLIST_AFTER_ROTATION but rest_framework_simplejwt.token_blacklist is not in INSTALLED_APPS, so add it and run its migration.	-
R-02	story	2	Arman	3	Must	Roles	Role CRUD API: create, rename and delete named roles within a channel; set which permissions each grants	US-4.2;US-8.1;US-8.2	backend/roles/serializers.py;backend/roles/views.py;backend/roles/urls.py	feat/us-4-2-role-api	Only a holder of can_change_role or the channel owner may create or edit a role;a super-admin cannot grant a permission they do not themselves hold (US-8.2);deleting a role does not orphan its members	US-4.2 lets a channel admin assign differently named roles with varying permissions. US-8.2: 'As a channel super-admin, I want to be able to assign various capabilities that fall within my own permissions to user roles' - note 'within my own permissions', which is an actual constraint to implement, not decoration.	-
R-03	story	2	Arman	2	Must	Roles	Assign or change a member's role; a member can read the roles they hold	US-4.9;US-8.3	backend/roles/views.py;backend/channels_app/models.py	feat/us-4-9-assign-role	Changing a role needs can_change_role;the change takes effect on the next request with no restart;a member can read their own roles and nobody else's	US-4.9 change users' roles; US-8.3: 'As a user, I want to be able to receive the roles assigned to me in a channel, so that I can act according to the defined permissions.' Amir's F-06 reads this endpoint to decide which controls to show.	-
R-05	story	2	Arman	2	Must	Roles	Message deletion by a channel admin, a group admin, or a member holding can_delete_message	US-3.4;US-3.5;US-3.6;US-4.6;US-5.3	backend/messaging/views.py;backend/roles/services.py	feat/us-3-4-admin-delete	The author can always delete their own message;a member without the permission gets 403;the channel owner always succeeds;a group admin can delete in their group	US-3.4 channel admin deletes any message; US-3.5 group admin deletes any message; US-3.6 a channel member with the delete-others permission does too. user_stories_en.tex section Assumptions is explicit: in a group only the sender and the group admin may delete; in a channel only the sender, the channel admin, or a holder of the permission. Route every one of those decisions through roles.services - do not re-implement the check in the messaging view.	-
M-04	task	2	Arman	1	Must	Groups	GroupMember join entity per the ERD, replacing the bare many-to-many	-	backend/groups_app/models.py;backend/groups_app/migrations/	refactor/m-04-groupmember	GroupMember exists with the fields ERD.tex specifies;existing memberships survive the migration;the group API returns the same shape as before	ERD.tex models group membership as its own entity; the code uses a plain ManyToManyField. Brief Rule 12 grades alignment between the product and the Phase 1 design, and this is one of the two places a grader can spot a gap in thirty seconds. Do it before M-05 builds member management on top.	-
F-06	story	2	Arman	3	Must	Roles	Role management UI: create a role, toggle its eight permissions, assign it to a member	US-4.2;US-4.9	frontend/src/components/channels/RoleManager.jsx	feat/us-4-2-roles-ui	Controls the current user lacks permission for are hidden AND the server still rejects the request if called directly;the eight toggles map one-to-one onto the model booleans;assigning a role updates the member list without a page reload	Moved off Amir to keep his sprint focused on the chat surfaces. This is the screen that demonstrates US-4.2 and US-8.1-8.3 at the Review, so it is worth building well: hiding a button is not a permission check, and INT-2's permission matrix deliberately bypasses this UI to prove the server enforces it.	-
INT-2	task	2	Arman	2	Must	Process	Sprint 2 verification: everything in INT-1 plus the sixteen-check permission matrix against the API	-	-	-	Everything in INT-1;for each of the eight permissions exercise one allowed case and one denied case against the API directly, bypassing the UI - sixteen checks;record the result in sprint-calendar.md	This is the single most likely thing for a grader to probe, because brief section 5.8 asks for access levels changeable without editing code and this is the only evidence that it is true. Use curl or the DRF browsable API, never the frontend - the whole point is proving the server refuses, not that the button is hidden.	-
INT-3	task	2	Arman	2	Must	Process	Final verification and release	-	-	-	Every known bug triaged - fixed now, or cut and recorded;full clean-clone run: clone, docker compose up, seed, walk every story in user_stories_en.tex;the nine modules exist and permissions are evaluated in roles;the release commit is tagged;the delivery bundle is signed off	Run on Aug 12 before the 18:00 freeze. Point 3 is brief Rule 12 - the report claims alignment with architecture.tex and ERD.tex, and a grader can disprove a false claim in five minutes, so check it rather than assert it.	-
RT-01	task	2	Arman	2	Nice	Real-time	Replace the in-memory channel layer with Redis; add Redis to compose	-	backend/core/settings.py;docker-compose.yml;backend/requirements.txt	feat/rt-01-redis-layer	Two backend workers can fan out to the same room;redis comes up in compose;removing redis degrades gracefully rather than crashing the app	Behind the Aug 11 gate. The consumer today uses InMemoryChannelLayer, so fan-out only works inside one process - fine for a demo on one machine, wrong the moment there is more than one worker.	-
RT-02	story	2	Arman	5	Nice	Real-time	Real-time gateway covering DMs, groups and channel topics; authenticated WebSocket connections; push on message-created	US-B1.1	backend/realtime/consumers.py;backend/realtime/routing.py;backend/common/events.py	feat/us-b1-1-realtime	An unauthenticated socket is rejected;a member of a conversation receives new messages with no refresh;a non-member receives nothing on that channel	US-B1.1: receive new messages in DMs, groups and channels in real time without pressing F5. Behind the Aug 11 gate. The existing ChatConsumer is group-only and takes user_id and username from the client JSON payload rather than self.scope['user'] - so the sender is client-asserted and anyone can impersonate anyone. Fix that first; it is the acceptance criterion, not a nicety.	-
C-02	story	2	Amirhossein	3	Must	Channels	Channel API: create (creator becomes admin), edit name/description/image, delete - each gated on the matching permission	US-4.1;US-4.7;US-4.10;US-6.1;US-6.2	backend/channels_app/serializers.py;backend/channels_app/views.py;backend/channels_app/urls.py	feat/us-4-1-channel-api	The creator ends up holding all eight permissions;editing needs can_edit_channel;deleting needs can_delete_channel;every gate is a call into roles.services, not an inline owner check	US-4.1 create a channel and become its admin; US-4.7 change channel information; US-4.10 delete the channel; US-6.1 and US-6.2 are the same two from the editing-and-deleting section. Depends on C-01 for the models and R-04 for the permission check.	-
C-03	story	2	Amirhossein	2	Must	Channels	Topic model and API; creating a topic requires can_create_topic; channel messages are scoped to a topic	US-4.5;US-2.3	backend/channels_app/models.py;backend/channels_app/views.py;backend/messaging/views.py	feat/us-4-5-topics	A member without can_create_topic gets 403;messages posted in a topic are only visible in that topic;deleting a topic does not silently delete its messages without saying so	US-4.5 create topics so discussion is categorised; US-2.3: 'As a member of a channel, I want to be able to send and receive messages in the channel's topics.' user_stories_en.tex is explicit that a channel is a collection of topics and all members can exchange messages in them - the per-topic restriction is only on media (US-2.4).	-
C-04	story	2	Amirhossein	2	Must	Channels	Add and remove channel members directly, honouring the target user's allow_invites flag	US-4.3;US-4.4;SH.1;SH.2	backend/channels_app/views.py;backend/roles/services.py	feat/us-4-3-channel-members	Adding a user whose allow_invites is off returns 403 and the user is not added;the actor needs can_add_member;removing needs can_remove_member	US-4.3 remove a member, US-4.4 add a member, both with the appropriate permission. SH.1 records the team's decision to add users directly rather than through an invite link, and SH.2 is the user's right to refuse that - which is the allow_invites flag from A-03. Both halves have to be real: direct adding, and a flag that actually stops it.	-
SC-01	task	2	Amirhossein	2	Nice	Scheduling	Celery, Celery Beat and RabbitMQ added to compose; worker container starts clean	-	docker-compose.yml;backend/core/celery.py;backend/requirements.txt	feat/sc-01-celery-setup	docker compose up brings up a worker and a beat scheduler that both log ready;a trivial test task round-trips	Behind the Aug 11 gate. Time-box it: if the worker is not running within a few hours, say so at stand-up and drop the whole scheduling bonus rather than letting it eat the mandatory work.	-
SC-02	story	2	Amirhossein	3	Nice	Scheduling	scheduled_at on the message model; schedule, list and cancel endpoints	US-B2.1	backend/messaging/models.py;backend/scheduling/views.py;backend/scheduling/urls.py	feat/us-b2-1-schedule-api	A scheduled message is not visible to the recipient before its time;the author can list and cancel their pending ones;scheduling a time in the past is rejected	US-B2.1: 'As a user, I want to be able to compose a message and schedule it for delivery at a specific date and time.' Behind the Aug 11 gate. The filtering matters as much as the scheduling - a scheduled message that shows up early in the recipient's list is a failed story.	-
SC-03	story	2	Amirhossein	3	Nice	Scheduling	Beat task that dispatches due messages, delivering them even when the author is offline	US-B2.2	backend/scheduling/tasks.py	feat/us-b2-2-scheduled-delivery	Schedule a message, log out entirely and close the browser, and confirm at the scheduled time that it is delivered and the recipient is notified	US-B2.2 is the whole point of the feature - the message goes out whether or not the author is connected. Behind the Aug 11 gate. Demonstrate it at the Review exactly the way the acceptance criterion is written: logged out, browser closed.	-
M-06	story	2	Arvin	2	Must	Messaging	Edit own message, with an is_edited flag; only the author may edit	US-3.1;US-3.2	backend/messaging/models.py;backend/messaging/views.py;backend/messaging/serializers.py	feat/us-3-1-edit-message	Editing someone else's message returns 403;an edited message is visibly labelled;the original timestamp is preserved	US-3.1 edit your own message to fix a typo; US-3.2: 'I want only and exclusively myself to be able to edit my own sent message, so that no one can distort my message' - so this is not an admin capability, unlike deletion. MessageDetailView is a RetrieveDestroyAPIView today: no PUT, no PATCH, and no edited field on the model. Both need adding.	-
M-07	story	2	Arvin	1	Must	Messaging	Delete own message in any of the three contexts	US-3.3	backend/messaging/views.py	feat/us-3-3-delete-own-message	The author can delete in a DM, a group and a channel topic;deleting someone else's returns 403 unless R-05 grants it;the message disappears from history for everyone	US-3.3: 'As a regular user, I want to be able to delete my own sent message in a direct message, group or channel, so that an unnecessary or erroneous message is removed from the chat history.' The sender-scoped delete already exists; the work is extending it to the channel context and making sure it composes with R-05 rather than duplicating its checks.	-
M-08	story	2	Arvin	3	Must	Messaging	Search message text across DMs, groups and channels using PostgreSQL full-text search with a GIN index, scoped to the caller	US-9.1	backend/messaging/models.py;backend/messaging/views.py;backend/messaging/migrations/	feat/us-9-1-search	Results never include messages from conversations the caller is not in - verify by searching a term that only exists in a stranger's chat and confirming zero results;a search across a few thousand messages returns promptly;results say which conversation each hit is in	US-9.1: 'As a user, I want to be able to search through message texts in any chat (direct message, group or channel), so that I can quickly find the messages or information I am looking for.' Nothing search-shaped exists. This card is blocked on P-03 - SearchVector, SearchQuery and GinIndex are Postgres-only and do nothing on SQLite. architecture.tex deliberately chose Postgres full-text over a separate search engine, so no Elasticsearch.	-
M-09	story	2	Arvin	1	Must	Messaging	Wire the search screen to the search API	US-9.1	frontend/src/components/search/SearchMessages.jsx	feat/us-9-1-search-ui	Typing a term and submitting returns real results;clicking a result opens that conversation at that message;no results shows an empty state	SearchMessages.jsx exists as a static mockup with a hardcoded array. Replace the array with the M-08 endpoint.	-
N-01	story	2	Arvin	1	Must	Notifications	Notification model and migration	US-11.1	backend/notifications/models.py;backend/notifications/migrations/	feat/us-11-1-notification-model	A notification records recipient, kind, a reference to what caused it, read state and a timestamp;the migration applies clean	US-11.1 names exactly three trigger events: a new message, being added to a group or channel, and having your role in a channel changed. Model the kind as an enum covering those three rather than a free-text string.	N-02;U-11
N-02	story	2	Arvin	3	Must	Notifications	Generate notifications on new message, group/channel add, and role change; list and mark-read API	US-11.1	backend/notifications/services.py;backend/notifications/views.py;backend/common/events.py	feat/us-11-1-notification-api	The notification is created by an event emitted from the owning module, not by the messaging view calling notifications directly;a user only ever sees their own;mark-read is idempotent	US-11.1: 'As a user, I want to receive notifications when events occur - such as receiving a new message, being added to a group or channel, or having my role in a channel changed - so that I am kept informed of relevant activity without having to check manually.' The event indirection is architecture.tex section 5.1 and it is what lets the real-time bonus (RT-03) hook the same events without touching messaging.	-
D-01	task	2	Arvin	5	Must	Process	Phase 2 report: requirement fulfilment, architecture alignment, deviations, ERD alignment, process summary	-	docs/phase2-report.tex	docs/d-01-phase2-report	One table row per user story - the ID, the story, where it is implemented (module and endpoint) and how it was verified;a mapping onto architecture.tex;every deviation stated plainly with its reason;a mapping onto ERD.tex;a process summary covering both sprints, their velocities and what the retrospectives changed	Half the Phase 2 mark is the report on requirement fulfilment and alignment with the Phase 1 designs. Include the stories we cut, marked honestly - brief Rule 12 explicitly permits revising a design when issues arise, but a report claiming alignment a grader can disprove in five minutes is far worse than one that says what actually happened. Start drafting on Aug 11, not Aug 12. Arman writes the architecture sections.	-
A-05	story	2	Majid	2	Must	Accounts	React auth context, Login and Register screens, API client with token interceptor	US-1.1;US-1.2	frontend/src/context/AuthContext.jsx;frontend/src/components/auth/Login.jsx;frontend/src/components/auth/Register.jsx;frontend/src/services/api.js	feat/us-1-2-auth-ui	Register then log in then reload keeps the session;an expired access token is refreshed transparently and the request retried;the logged-in user object carries an id	Already written, but AuthContext.login never fetches the user, so user is just {isAuthenticated, username} with no id - which is why Chat.jsx sends user_id: undefined and the consumer silently skips persisting the message. Fetching the user after login is the real work here. P-06 fixes the import path and the double-prefixed login URL first.	-
A-06	story	2	Majid	2	Must	Groups	Group model, serializer, and create/list/detail API; creator becomes admin	US-5.1	backend/groups_app/models.py;backend/groups_app/serializers.py;backend/groups_app/views.py;backend/groups_app/urls.py	feat/us-5-1-group-api	The creator is the admin;listing returns only the caller's groups;a non-member cannot read a group's detail	US-5.1: 'As a user, I want to be able to create a group, so that I can communicate with people without dealing with the complexity of channels.' Already written as Group plus GroupListCreateView and GroupDetailView. This card moves it into groups_app behind P-04 and brings it to the DoD.	-
A-07	story	2	Majid	2	Must	Media	MediaFile model and upload endpoint with size and MIME-type validation; attach media to a message	US-2.4;US-7.1	backend/media_app/models.py;backend/media_app/serializers.py;backend/media_app/views.py	feat/us-2-4-media-upload	An oversized file is rejected with a clear error;a disallowed type is rejected;the stored record captures type and size;the type recorded matches the file, not just the request header	US-7.1 send images, video, audio or files in any direct or group message; US-2.4 attach them to a text message. Already written, with two defects to fix: MediaFileSerializer is defined twice in serializers.py (the second wins), and MediaUploadView.perform_create overwrites file_type with the HTTP content type, which defeats the model's own categorisation into image/video/audio/document.	-
A-08	story	2	Majid	2	Must	Media	Media detail and serving endpoint, access-scoped to the conversation the media belongs to	US-7.1;US-7.2	backend/media_app/views.py;backend/media_app/urls.py;nginx/nginx.conf	feat/us-7-1-media-serve	Requesting media from a conversation you are not a member of returns 403 - not the file;a direct URL guess does not bypass the check;media renders inline in the chat view	US-7.2 is the channel-side version of US-7.1. The trap here is serving media as plain static files, which makes every upload world-readable to anyone who can guess a path - the access check has to be in front of the file. Depends on P-02 for the nginx location.	-
A-09	chore	2	Majid	1	Must	Process	Seed command producing users, conversations, groups, channels and sample media for testing	-	backend/common/management/commands/seed_data.py	chore/a-09-seed-data	One command on an empty database produces enough data to demo every story;it is idempotent or clearly refuses to run twice;the credentials it creates are printed	seed_data already exists and makes three users and one group. Extend it to cover channels, topics, roles and media so the Review demo and INT-2's permission matrix have something to run against. Every clean-clone verification card depends on this working.	-
A-10	story	2	Majid	2	Must	Media	Per-channel media restriction: uploading in a channel requires can_send_media, evaluated by the roles module	US-7.3;US-4.8;US-7.2	backend/media_app/views.py;backend/roles/services.py;backend/channels_app/models.py	feat/us-7-3-media-restriction	With the restriction on, a member lacking can_send_media is refused by the API, not merely by a hidden button;the channel admin is never refused;DMs and groups are unaffected	US-7.3: 'As a channel admin, I want to be able to restrict the ability to send media in my channel, so that I have greater control over the channel's content.' US-4.8 is the member-side half. The check must call roles.services.has_permission - if media_app decides this for itself, architecture.tex section 5.1 is broken and the report cannot honestly claim alignment.	-
M-05	story	2	Majid	2	Must	Groups	Group edit and delete, add and remove members honouring allow_invites, group-admin rights	US-5.2;US-6.3;US-6.4;SH.1;SH.2	backend/groups_app/views.py;backend/groups_app/serializers.py;backend/groups_app/urls.py	feat/us-5-2-group-management	Adding a user whose allow_invites is off returns 403 and the user is not added;only the group admin may add, remove or delete;editing group name, image and description works	US-5.2 group admin adds and removes members; US-6.3 delete the group; US-6.4 edit its information. user_stories_en.tex is explicit that the only difference between a group admin and a member is adding, removing and deleting others' messages - so do not invent a role system for groups; that is what channels are for. GroupAddRemoveMemberView exists but never checks allow_invites, which is the actual gap.	-
F-03	story	2	Amir	3	Must	Messaging	Wire DirectMessages.jsx to the message API - real conversations, no mock data	US-2.1;US-2.5	frontend/src/components/dms/DirectMessages.jsx;frontend/src/services/api.js	feat/us-2-5-dm-integration	Two accounts in two browsers can exchange messages;a page refresh shows the full history;sending with an expired token refreshes and retries rather than silently failing	US-2.1 and US-2.5 in the UI. Builds on Ali's U-03 layout and the F-00 primitives, reading M-02. This is the card the Sprint 1 Review demo hinges on, so if anything slips, protect this one.	-
F-04	story	2	Amir	2	Must	Channels	Channels dashboard wired to the channel API: list, create, open	US-4.1	frontend/src/components/channels/ChannelsDashboard.jsx	feat/us-4-1-channels-ui	Creating a channel makes you its admin and it appears in the list;the list shows only channels you belong to;opening one navigates to its topics	US-4.1 in the UI. ChannelsDashboard.jsx exists as a static mockup with an empty useState. Depends on C-02.	-
F-05	story	2	Amir	3	Must	Channels	Topic tabs and the channel message view, reusing the chat component	US-2.3;US-4.5	frontend/src/components/channels/;frontend/src/components/chat/Chat.jsx	feat/us-2-3-channel-chat	Switching topics switches the message list;the create-topic control is hidden without can_create_topic and the API refuses it anyway;the same message bubble component as the DM view is used	US-2.3 send and receive in a channel's topics; US-4.5 create topics. Depends on C-03 and on F-00 - the point of the primitives is that this card is wiring, not a third chat implementation.	-
U-09	story	2	Amir	2	Must	Groups	Group chat view	US-2.2	frontend/src/components/groups/GroupChat.jsx;frontend/src/components/chat/Chat.jsx	feat/us-2-2-group-chat	Every group member can post and see each other's messages;the member list is visible;it renders through the same primitives as the DM and channel views	US-2.2: 'As a member of a group, I want to be able to send and receive messages in the group, so that I can have continuous communication.' Moved to Amir because it is the third instance of the same chat surface and reuses F-00.	-
F-07	story	2	Amir	3	Nice	Real-time	WebSocket client with reconnect; live message rendering in all three contexts	US-B1.1	frontend/src/services/socket.js;frontend/src/components/chat/Chat.jsx	feat/us-b1-1-live-client	A message sent in one browser appears in the other with no refresh;dropping the connection reconnects without duplicating messages;the socket carries the auth token	US-B1.1. Behind the Aug 11 gate. Chat.jsx already opens a raw WebSocket; the work is a single reusable client with reconnect and de-duplication, reading RT-02.	-
U-04	story	2	Ali	2	Must	Accounts	Account and privacy settings screens wired to the profile and privacy endpoints	US-10.1;US-5.4	frontend/src/components/settings/MyAccount.jsx;frontend/src/components/settings/PrivacySettings.jsx;frontend/src/components/settings/GroupInvitationPreferences.jsx	feat/u-04-settings	Editing the profile persists and survives a reload;toggling allow_invites persists;a validation error from the API is shown, not swallowed	US-10.1 edit your profile; US-5.4 control who can add you to a group or channel. All three screens exist as static mockups. Wire them to A-02 and A-03.	-
U-06	story	2	Ali	1	Must	Accounts	View-profile screen for another user	US-10.2	frontend/src/components/profile/ViewProfile.jsx;frontend/src/components/profile/EditProfile.jsx	feat/us-10-2-profile-ui	Opening another user shows their display fields only;your own profile shows the edit affordance and theirs does not;a missing user shows a not-found state	US-10.2: 'As a user, I want to be able to view other users' profiles, so that I can better identify my contacts in the system.' ViewProfile.jsx is a static mockup; EditProfile.jsx is already wired correctly and is the one component importing services/api.js properly. Reads M-03.	-
U-07	story	2	Ali	2	Must	Groups	Groups dashboard wired to the group API	US-5.1	frontend/src/components/groups/GroupsDashboard.jsx	feat/us-5-1-groups-ui	The list shows only groups you belong to;opening one navigates to its chat;an empty state is handled	US-5.1 in the UI. GroupsDashboard.jsx exists as a static mockup with local useState. Reads A-06.	-
U-08	story	2	Ali	1	Must	Groups	Create-group modal wired to the create endpoint	US-5.1	frontend/src/components/groups/CreateGroupModal.jsx	feat/us-5-1-create-group-ui	Creating a group makes you its admin and it appears in the list without a reload;a duplicate or invalid name shows the API's error;cancel discards	Already built as a mockup. Reads A-06.	-
U-11	story	2	Ali	2	Must	Notifications	Notifications centre wired to the API, with an unread count	US-11.1	frontend/src/components/notifications/NotificationsCenter.jsx	feat/us-11-1-notifications-ui	The three event kinds from US-11.1 all appear;the unread badge matches the API;opening a notification marks it read and navigates to its subject	US-11.1 covers a new message, being added to a group or channel, and a role change. NotificationsCenter.jsx exists as a static mockup with an empty array. Reads N-02.	-
U-13	chore	2	Ali	2	Must	Platform	Responsive and empty-state pass across the screens, plus a frontend defect sweep	-	frontend/src/	fix/u-13-ui-polish	No screen breaks below 400px wide;every list has an empty state;every screen in the demo script is walked once against its acceptance criteria and any failure is filed as a bug issue	This absorbs the separate frontend defect pass that used to be its own card. Do it on Aug 11-12, after the features have landed, and file bugs rather than fixing them silently so INT-3 can triage them.	-
U-12	story	2	Ali	3	Nice	Scheduling	Scheduled-message composer: pick a date and time, see pending scheduled messages, cancel one	US-B2.1	frontend/src/components/chat/ScheduleMessage.jsx	feat/us-b2-1-schedule-ui	A time in the past is refused in the UI as well as by the API;pending messages are listed with their delivery time;cancelling removes it before it sends	US-B2.1. Behind the Aug 11 gate. Reads SC-02.	-
F-08	story	2	Amir	2	Won't	Real-time	Live notification delivery in the UI	US-B1.2	frontend/src/components/notifications/NotificationsCenter.jsx	feat/us-b1-2-live-notif-ui	-	Cut for this release. US-B1.2 is the lowest-value half of the lowest-value bonus, and polling the N-02 endpoint gives the user almost the same thing. Parked and visible rather than quietly dropped, per methodology.md section 7.5.	-
RT-03	story	2	Arman	3	Won't	Real-time	Push notifications over the same socket	US-B1.2	backend/realtime/consumers.py;backend/notifications/services.py	feat/us-b1-2-live-notifications	-	Cut for this release, together with its UI half F-08. If RT-02 lands early and the mandatory product is green, this is the first card to bring back.	-
U-10	story	2	Ali	2	Won't	Groups	Group member management and group info editing UI	US-5.2;US-6.4	frontend/src/components/groups/GroupSettings.jsx	feat/us-5-2-group-members-ui	-	Cut for this release. M-05 delivers US-5.2 and US-6.4 server-side and they can be demonstrated against the API; a dedicated settings screen is the presentation of a requirement that is already met. Reinstate it if Sprint 2 runs ahead.	-
